Filter1,Start1,End1,Filter2,Start2,End2
EMMA,2024-01-01T23:00:00Z,2024-01-02T01:00:00Z,SCOM,2024-01-01T19:00:00Z,2024-01-02T01:00:00Z
EMMA,2024-01-01T23:00:00Z,2024-01-02T01:00:00Z,Zabbix,2024-01-01T20:00:00Z,2024-01-02T01:00:00Z
EMMA,2024-01-01T23:00:00Z,2024-01-02T01:00:00Z,HA,2024-01-01T23:00:00Z,2024-01-02T01:00:00Z
EMMA,2024-01-01T23:00:00Z,2024-01-02T01:00:00Z,StruxureWare,2024-01-01T23:00:00Z,2024-01-02T01:00:00Z
EMMA,2024-01-01T23:00:00Z,2024-01-02T01:00:00Z,C-NMS,2024-01-02T00:00:00Z,2024-01-02T02:00:00Z
EMMA,2024-01-01T23:00:00Z,2024-01-02T01:00:00Z,EML,2024-01-02T00:00:00Z,2024-01-02T02:00:00Z
EMMA,2024-01-01T23:00:00Z,2024-01-02T01:00:00Z,SDH,2024-01-02T00:00:00Z,2024-01-02T02:00:00Z
EMMA,2024-01-01T23:00:00Z,2024-01-02T01:00:00Z,LucentOMS,2024-01-02T00:00:00Z,2024-01-02T09:00:00Z
EMMA,2024-01-09T09:00:00Z,2024-01-09T11:00:00Z,StruxureWare,2024-01-09T07:00:00Z,2024-01-09T09:00:00Z
EMMA,2024-01-09T09:00:00Z,2024-01-09T11:00:00Z,SCOM,2024-01-09T07:00:00Z,2024-01-09T11:00:00Z
EMMA,2024-01-09T09:00:00Z,2024-01-09T11:00:00Z,SkyWalker,2024-01-09T08:00:00Z,2024-01-09T10:00:00Z
EMMA,2024-01-09T09:00:00Z,2024-01-09T11:00:00Z,LucentOMS,2024-01-09T08:00:00Z,2024-01-09T12:00:00Z
EMMA,2024-01-09T09:00:00Z,2024-01-09T11:00:00Z,NetAct,2024-01-09T08:00:00Z,2024-01-09T12:00:00Z
EMMA,2024-01-09T09:00:00Z,2024-01-09T11:00:00Z,EML,2024-01-09T08:00:00Z,2024-01-09T12:00:00Z
EMMA,2024-01-09T09:00:00Z,2024-01-09T11:00:00Z,MileStone,2024-01-09T08:00:00Z,2024-01-09T13:00:00Z
EMMA,2024-01-09T09:00:00Z,2024-01-09T11:00:00Z,Impact,2024-01-09T08:00:00Z,2024-01-09T13:00:00Z
EMMA,2024-01-09T09:00:00Z,2024-01-09T11:00:00Z,CA_Spectrum,2024-01-09T08:00:00Z,2024-01-09T14:00:00Z
EMMA,2024-01-09T09:00:00Z,2024-01-09T11:00:00Z,UNEM,2024-01-09T09:00:00Z,2024-01-09T11:00:00Z
EMMA,2024-01-09T09:00:00Z,2024-01-09T11:00:00Z,NFM-P,2024-01-09T09:00:00Z,2024-01-09T12:00:00Z
EMMA,2024-01-09T09:00:00Z,2024-01-09T11:00:00Z,SDH,2024-01-09T09:00:00Z,2024-01-09T12:00:00Z
EMMA,2024-01-09T09:00:00Z,2024-01-09T11:00:00Z,Zabbix,2024-01-09T09:00:00Z,2024-01-09T14:00:00Z
EMMA,2024-01-18T08:00:00Z,2024-01-18T11:00:00Z,MileStone,2024-01-18T06:00:00Z,2024-01-18T11:00:00Z
EMMA,2024-01-18T08:00:00Z,2024-01-18T11:00:00Z,CA_Spectrum,2024-01-18T06:00:00Z,2024-01-18T12:00:00Z
EMMA,2024-01-18T08:00:00Z,2024-01-18T11:00:00Z,HA,2024-01-18T07:00:00Z,2024-01-18T09:00:00Z
EMMA,2024-01-18T08:00:00Z,2024-01-18T11:00:00Z,StruxureWare,2024-01-18T07:00:00Z,2024-01-18T09:00:00Z
EMMA,2024-01-18T08:00:00Z,2024-01-18T11:00:00Z,SCOM,2024-01-18T07:00:00Z,2024-01-18T11:00:00Z
EMMA,2024-01-18T08:00:00Z,2024-01-18T11:00:00Z,LucentOMS,2024-01-18T07:00:00Z,2024-01-18T12:00:00Z
EMMA,2024-01-18T08:00:00Z,2024-01-18T11:00:00Z,Zabbix,2024-01-18T07:00:00Z,2024-01-18T12:00:00Z
EMMA,2024-01-18T08:00:00Z,2024-01-18T11:00:00Z,local6,2024-01-18T07:00:00Z,2024-01-18T12:00:00Z
EMMA,2024-01-18T08:00:00Z,2024-01-18T11:00:00Z,EML,2024-01-18T07:00:00Z,2024-01-18T12:00:00Z
EMMA,2024-01-18T08:00:00Z,2024-01-18T11:00:00Z,PEM,2024-01-18T07:00:00Z,2024-01-18T12:00:00Z
EMMA,2024-01-18T08:00:00Z,2024-01-18T11:00:00Z,SCADA,2024-01-18T08:00:00Z,2024-01-18T10:00:00Z
EMMA,2024-01-18T08:00:00Z,2024-01-18T11:00:00Z,Impact,2024-01-18T08:00:00Z,2024-01-18T12:00:00Z
EMMA,2024-01-18T08:00:00Z,2024-01-18T11:00:00Z,DICA,2024-01-18T09:00:00Z,2024-01-18T11:00:00Z
EMMA,2024-01-18T08:00:00Z,2024-01-18T11:00:00Z,NetAct,2024-01-18T09:00:00Z,2024-01-18T13:00:00Z
EMMA,2024-01-18T08:00:00Z,2024-01-18T11:00:00Z,NFM-P,2024-01-18T11:00:00Z,2024-01-18T16:00:00Z
EMMA,2024-01-19T17:00:00Z,2024-01-19T19:00:00Z,NetAct,2024-01-19T13:00:00Z,2024-01-19T19:00:00Z
EMMA,2024-01-19T17:00:00Z,2024-01-19T19:00:00Z,NFM-P,2024-01-19T15:00:00Z,2024-01-19T17:00:00Z
EMMA,2024-01-19T17:00:00Z,2024-01-19T19:00:00Z,SDH,2024-01-19T15:00:00Z,2024-01-19T17:00:00Z
EMMA,2024-01-19T17:00:00Z,2024-01-19T19:00:00Z,EML,2024-01-19T15:00:00Z,2024-01-19T18:00:00Z
EMMA,2024-01-19T17:00:00Z,2024-01-19T19:00:00Z,LucentOMS,2024-01-19T16:00:00Z,2024-01-19T18:00:00Z
EMMA,2024-01-19T17:00:00Z,2024-01-19T19:00:00Z,SCOM,2024-01-19T17:00:00Z,2024-01-19T19:00:00Z
EMMA,2024-01-19T17:00:00Z,2024-01-19T19:00:00Z,Zabbix,2024-01-19T18:00:00Z,2024-01-19T20:00:00Z
EMMA,2024-01-19T17:00:00Z,2024-01-19T19:00:00Z,MileStone,2024-01-19T18:00:00Z,2024-01-19T22:00:00Z
EMMA,2024-01-19T20:00:00Z,2024-01-20T00:00:00Z,Zabbix,2024-01-19T18:00:00Z,2024-01-19T20:00:00Z
EMMA,2024-01-19T20:00:00Z,2024-01-20T00:00:00Z,MileStone,2024-01-19T18:00:00Z,2024-01-19T22:00:00Z
EMMA,2024-01-19T20:00:00Z,2024-01-20T00:00:00Z,LucentOMS,2024-01-19T20:00:00Z,2024-01-19T23:00:00Z
EMMA,2024-01-19T20:00:00Z,2024-01-20T00:00:00Z,EML,2024-01-19T21:00:00Z,2024-01-19T23:00:00Z
EMMA,2024-01-19T20:00:00Z,2024-01-20T00:00:00Z,SDH,2024-01-19T21:00:00Z,2024-01-19T23:00:00Z
EMMA,2024-01-19T20:00:00Z,2024-01-20T00:00:00Z,CA_Spectrum,2024-01-19T22:00:00Z,2024-01-20T00:00:00Z
EMMA,2024-01-19T20:00:00Z,2024-01-20T00:00:00Z,Zabbix,2024-01-19T22:00:00Z,2024-01-20T02:00:00Z
EMMA,2024-01-19T20:00:00Z,2024-01-20T00:00:00Z,SCOM,2024-01-19T22:00:00Z,2024-01-20T04:00:00Z
EMMA,2024-01-19T20:00:00Z,2024-01-20T00:00:00Z,HA,2024-01-19T23:00:00Z,2024-01-20T01:00:00Z
EMMA,2024-01-19T20:00:00Z,2024-01-20T00:00:00Z,C-NMS,2024-01-20T00:00:00Z,2024-01-20T05:00:00Z
EMMA,2024-01-23T01:00:00Z,2024-01-23T06:00:00Z,SCOM,2024-01-22T22:00:00Z,2024-01-23T01:00:00Z
EMMA,2024-01-23T01:00:00Z,2024-01-23T06:00:00Z,HA,2024-01-22T23:00:00Z,2024-01-23T01:00:00Z
EMMA,2024-01-23T01:00:00Z,2024-01-23T06:00:00Z,SCADA,2024-01-23T00:00:00Z,2024-01-23T02:00:00Z
EMMA,2024-01-23T01:00:00Z,2024-01-23T06:00:00Z,EML,2024-01-23T01:00:00Z,2024-01-23T03:00:00Z
EMMA,2024-01-23T01:00:00Z,2024-01-23T06:00:00Z,SDH,2024-01-23T01:00:00Z,2024-01-23T03:00:00Z
EMMA,2024-01-23T01:00:00Z,2024-01-23T06:00:00Z,C-NMS,2024-01-23T01:00:00Z,2024-01-23T05:00:00Z
EMMA,2024-01-23T01:00:00Z,2024-01-23T06:00:00Z,LucentOMS,2024-01-23T02:00:00Z,2024-01-23T04:00:00Z
EMMA,2024-01-23T01:00:00Z,2024-01-23T06:00:00Z,Zabbix,2024-01-23T02:00:00Z,2024-01-23T04:00:00Z
EMMA,2024-01-23T01:00:00Z,2024-01-23T06:00:00Z,SCOM,2024-01-23T03:00:00Z,2024-01-23T05:00:00Z
EMMA,2024-01-23T01:00:00Z,2024-01-23T06:00:00Z,HA,2024-01-23T04:00:00Z,2024-01-23T06:00:00Z
EMMA,2024-01-23T01:00:00Z,2024-01-23T06:00:00Z,DICA,2024-01-23T04:00:00Z,2024-01-23T06:00:00Z
EMMA,2024-01-23T01:00:00Z,2024-01-23T06:00:00Z,SCADA,2024-01-23T05:00:00Z,2024-01-23T07:00:00Z
EMMA,2024-01-23T01:00:00Z,2024-01-23T06:00:00Z,CA_Spectrum,2024-01-23T05:00:00Z,2024-01-23T13:00:00Z
EMMA,2024-01-23T01:00:00Z,2024-01-23T06:00:00Z,MileStone,2024-01-23T06:00:00Z,2024-01-23T15:00:00Z
EMMA,2024-01-24T14:00:00Z,2024-01-24T19:00:00Z,NetAct,2024-01-24T08:00:00Z,2024-01-24T14:00:00Z
EMMA,2024-01-24T14:00:00Z,2024-01-24T19:00:00Z,SCADA,2024-01-24T11:00:00Z,2024-01-24T15:00:00Z
EMMA,2024-01-24T14:00:00Z,2024-01-24T19:00:00Z,C-NMS,2024-01-24T13:00:00Z,2024-01-24T16:00:00Z
EMMA,2024-01-24T14:00:00Z,2024-01-24T19:00:00Z,LucentOMS,2024-01-24T14:00:00Z,2024-01-24T16:00:00Z
EMMA,2024-01-24T14:00:00Z,2024-01-24T19:00:00Z,EML,2024-01-24T14:00:00Z,2024-01-24T17:00:00Z
EMMA,2024-01-24T14:00:00Z,2024-01-24T19:00:00Z,SDH,2024-01-24T15:00:00Z,2024-01-24T17:00:00Z
EMMA,2024-01-24T14:00:00Z,2024-01-24T19:00:00Z,Zabbix,2024-01-24T15:00:00Z,2024-01-24T18:00:00Z
EMMA,2024-01-24T14:00:00Z,2024-01-24T19:00:00Z,SCOM,2024-01-24T15:00:00Z,2024-01-24T20:00:00Z
EMMA,2024-01-24T14:00:00Z,2024-01-24T19:00:00Z,CA_Spectrum,2024-01-24T16:00:00Z,2024-01-24T18:00:00Z
EMMA,2024-01-24T14:00:00Z,2024-01-24T19:00:00Z,NFM-P,2024-01-24T17:00:00Z,2024-01-24T19:00:00Z
EMMA,2024-01-24T14:00:00Z,2024-01-24T19:00:00Z,DICA,2024-01-24T18:00:00Z,2024-01-24T20:00:00Z
EMMA,2024-01-25T00:00:00Z,2024-01-25T02:00:00Z,Zabbix,2024-01-24T22:00:00Z,2024-01-25T00:00:00Z
EMMA,2024-01-25T00:00:00Z,2024-01-25T02:00:00Z,SCOM,2024-01-24T22:00:00Z,2024-01-25T01:00:00Z
EMMA,2024-01-25T00:00:00Z,2024-01-25T02:00:00Z,HA,2024-01-24T23:00:00Z,2024-01-25T01:00:00Z
EMMA,2024-01-25T00:00:00Z,2024-01-25T02:00:00Z,NetAct,2024-01-24T23:00:00Z,2024-01-25T01:00:00Z
EMMA,2024-01-25T00:00:00Z,2024-01-25T02:00:00Z,NFM-P,2024-01-24T23:00:00Z,2024-01-25T01:00:00Z
EMMA,2024-01-25T00:00:00Z,2024-01-25T02:00:00Z,C-NMS,2024-01-24T23:00:00Z,2024-01-25T03:00:00Z
EMMA,2024-01-25T00:00:00Z,2024-01-25T02:00:00Z,MileStone,2024-01-25T01:00:00Z,2024-01-25T03:00:00Z
EMMA,2024-01-25T15:00:00Z,2024-01-25T19:00:00Z,NFM-P,2024-01-25T15:00:00Z,2024-01-25T19:00:00Z
EMMA,2024-01-25T15:00:00Z,2024-01-25T19:00:00Z,DICA,2024-01-25T18:00:00Z,2024-01-25T20:00:00Z
EMMA,2024-01-25T15:00:00Z,2024-01-25T19:00:00Z,ADVA,2024-01-25T18:00:00Z,2024-01-25T20:00:00Z
EMMA,2024-01-25T15:00:00Z,2024-01-25T19:00:00Z,Stonebranch,2024-01-25T19:00:00Z,2024-01-25T21:00:00Z
EMMA,2024-01-28T17:00:00Z,2024-01-28T19:00:00Z,SCOM,2024-01-28T17:00:00Z,2024-01-28T19:00:00Z
EMMA,2024-01-28T17:00:00Z,2024-01-28T19:00:00Z,local6,2024-01-28T17:00:00Z,2024-01-28T19:00:00Z
EMMA,2024-01-28T17:00:00Z,2024-01-28T19:00:00Z,CA_Spectrum,2024-01-28T17:00:00Z,2024-01-28T19:00:00Z
EMMA,2024-01-29T21:00:00Z,2024-01-29T23:00:00Z,Stonebranch,2024-01-29T19:00:00Z,2024-01-29T21:00:00Z
EMMA,2024-01-29T21:00:00Z,2024-01-29T23:00:00Z,Impact,2024-01-29T21:00:00Z,2024-01-29T23:00:00Z
EMMA,2024-01-29T21:00:00Z,2024-01-29T23:00:00Z,HA,2024-01-29T21:00:00Z,2024-01-30T01:00:00Z
EMMA,2024-01-29T21:00:00Z,2024-01-29T23:00:00Z,SCOM,2024-01-29T22:00:00Z,2024-01-30T01:00:00Z
EMMA,2024-01-29T21:00:00Z,2024-01-29T23:00:00Z,Zabbix,2024-01-29T22:00:00Z,2024-01-30T01:00:00Z
EMMA,2024-01-29T21:00:00Z,2024-01-29T23:00:00Z,DICA,2024-01-29T23:00:00Z,2024-01-30T01:00:00Z
EMMA,2024-01-30T03:00:00Z,2024-01-30T05:00:00Z,C-NMS,2024-01-30T00:00:00Z,2024-01-30T05:00:00Z
EMMA,2024-01-30T03:00:00Z,2024-01-30T05:00:00Z,HA,2024-01-30T04:00:00Z,2024-01-30T06:00:00Z
EMMA,2024-01-31T03:00:00Z,2024-01-31T05:00:00Z,C-NMS,2024-01-31T00:00:00Z,2024-01-31T03:00:00Z
EMMA,2024-01-31T03:00:00Z,2024-01-31T05:00:00Z,SCADA,2024-01-31T03:00:00Z,2024-01-31T05:00:00Z
EMMA,2024-01-31T03:00:00Z,2024-01-31T05:00:00Z,MileStone,2024-01-31T03:00:00Z,2024-01-31T06:00:00Z
EMMA,2024-01-31T03:00:00Z,2024-01-31T05:00:00Z,Zabbix,2024-01-31T04:00:00Z,2024-01-31T06:00:00Z
EMMA,2024-01-31T03:00:00Z,2024-01-31T05:00:00Z,HA,2024-01-31T04:00:00Z,2024-01-31T06:00:00Z
EMMA,2024-01-31T03:00:00Z,2024-01-31T05:00:00Z,DICA,2024-01-31T04:00:00Z,2024-01-31T06:00:00Z
EMMA,2024-02-01T01:00:00Z,2024-02-01T05:00:00Z,SCOM,2024-01-31T20:00:00Z,2024-02-01T02:00:00Z
EMMA,2024-02-01T01:00:00Z,2024-02-01T05:00:00Z,Zabbix,2024-01-31T22:00:00Z,2024-02-01T02:00:00Z
EMMA,2024-02-01T01:00:00Z,2024-02-01T05:00:00Z,HA,2024-01-31T23:00:00Z,2024-02-01T01:00:00Z
EMMA,2024-02-01T01:00:00Z,2024-02-01T05:00:00Z,CA_Spectrum,2024-02-01T00:00:00Z,2024-02-01T02:00:00Z
EMMA,2024-02-01T01:00:00Z,2024-02-01T05:00:00Z,C-NMS,2024-02-01T00:00:00Z,2024-02-01T03:00:00Z
EMMA,2024-02-01T01:00:00Z,2024-02-01T05:00:00Z,NetAct,2024-02-01T01:00:00Z,2024-02-01T03:00:00Z
EMMA,2024-02-01T01:00:00Z,2024-02-01T05:00:00Z,HA,2024-02-01T04:00:00Z,2024-02-01T06:00:00Z
EMMA,2024-02-01T01:00:00Z,2024-02-01T05:00:00Z,MileStone,2024-02-01T05:00:00Z,2024-02-01T07:00:00Z
EMMA,2024-02-01T01:00:00Z,2024-02-01T05:00:00Z,CA_Spectrum,2024-02-01T05:00:00Z,2024-02-01T09:00:00Z
EMMA,2024-02-02T07:00:00Z,2024-02-02T10:00:00Z,SCADA,2024-02-02T06:00:00Z,2024-02-02T08:00:00Z
EMMA,2024-02-02T07:00:00Z,2024-02-02T10:00:00Z,SCOM,2024-02-02T07:00:00Z,2024-02-02T11:00:00Z
EMMA,2024-02-02T07:00:00Z,2024-02-02T10:00:00Z,EML,2024-02-02T08:00:00Z,2024-02-02T10:00:00Z
EMMA,2024-02-02T07:00:00Z,2024-02-02T10:00:00Z,StruxureWare,2024-02-02T08:00:00Z,2024-02-02T10:00:00Z
EMMA,2024-02-02T07:00:00Z,2024-02-02T10:00:00Z,SDH,2024-02-02T08:00:00Z,2024-02-02T10:00:00Z
EMMA,2024-02-02T07:00:00Z,2024-02-02T10:00:00Z,LucentOMS,2024-02-02T08:00:00Z,2024-02-02T11:00:00Z
EMMA,2024-02-02T07:00:00Z,2024-02-02T10:00:00Z,CA_Spectrum,2024-02-02T08:00:00Z,2024-02-02T11:00:00Z
EMMA,2024-02-02T07:00:00Z,2024-02-02T10:00:00Z,NetAct,2024-02-02T08:00:00Z,2024-02-02T11:00:00Z
EMMA,2024-02-02T07:00:00Z,2024-02-02T10:00:00Z,Impact,2024-02-02T08:00:00Z,2024-02-02T11:00:00Z
EMMA,2024-02-02T07:00:00Z,2024-02-02T10:00:00Z,HA,2024-02-02T09:00:00Z,2024-02-02T11:00:00Z
EMMA,2024-02-02T07:00:00Z,2024-02-02T10:00:00Z,DICA,2024-02-02T09:00:00Z,2024-02-02T11:00:00Z
EMMA,2024-02-02T07:00:00Z,2024-02-02T10:00:00Z,Zabbix,2024-02-02T09:00:00Z,2024-02-02T13:00:00Z
EMMA,2024-02-02T07:00:00Z,2024-02-02T10:00:00Z,MileStone,2024-02-02T09:00:00Z,2024-02-02T13:00:00Z
EMMA,2024-02-02T11:00:00Z,2024-02-02T13:00:00Z,SCOM,2024-02-02T07:00:00Z,2024-02-02T11:00:00Z
EMMA,2024-02-02T11:00:00Z,2024-02-02T13:00:00Z,LucentOMS,2024-02-02T08:00:00Z,2024-02-02T11:00:00Z
EMMA,2024-02-02T11:00:00Z,2024-02-02T13:00:00Z,CA_Spectrum,2024-02-02T08:00:00Z,2024-02-02T11:00:00Z
EMMA,2024-02-02T11:00:00Z,2024-02-02T13:00:00Z,NetAct,2024-02-02T08:00:00Z,2024-02-02T11:00:00Z
EMMA,2024-02-02T11:00:00Z,2024-02-02T13:00:00Z,Impact,2024-02-02T08:00:00Z,2024-02-02T11:00:00Z
EMMA,2024-02-02T11:00:00Z,2024-02-02T13:00:00Z,HA,2024-02-02T09:00:00Z,2024-02-02T11:00:00Z
EMMA,2024-02-02T11:00:00Z,2024-02-02T13:00:00Z,DICA,2024-02-02T09:00:00Z,2024-02-02T11:00:00Z
EMMA,2024-02-02T11:00:00Z,2024-02-02T13:00:00Z,Zabbix,2024-02-02T09:00:00Z,2024-02-02T13:00:00Z
EMMA,2024-02-02T11:00:00Z,2024-02-02T13:00:00Z,MileStone,2024-02-02T09:00:00Z,2024-02-02T13:00:00Z
EMMA,2024-02-02T11:00:00Z,2024-02-02T13:00:00Z,Stonebranch,2024-02-02T13:00:00Z,2024-02-02T16:00:00Z
EMMA,2024-02-04T07:00:00Z,2024-02-04T09:00:00Z,MileStone,2024-02-04T08:00:00Z,2024-02-04T10:00:00Z
EMMA,2024-02-04T07:00:00Z,2024-02-04T09:00:00Z,C-NMS,2024-02-04T09:00:00Z,2024-02-04T11:00:00Z
EMMA,2024-02-04T07:00:00Z,2024-02-04T09:00:00Z,SCOM,2024-02-04T09:00:00Z,2024-02-04T11:00:00Z
EMMA,2024-02-04T07:00:00Z,2024-02-04T09:00:00Z,EML,2024-02-04T09:00:00Z,2024-02-04T11:00:00Z
EMMA,2024-02-05T00:00:00Z,2024-02-05T02:00:00Z,SCOM,2024-02-04T20:00:00Z,2024-02-05T02:00:00Z
EMMA,2024-02-05T00:00:00Z,2024-02-05T02:00:00Z,Zabbix,2024-02-04T22:00:00Z,2024-02-05T03:00:00Z
EMMA,2024-02-05T00:00:00Z,2024-02-05T02:00:00Z,HA,2024-02-04T23:00:00Z,2024-02-05T01:00:00Z
EMMA,2024-02-05T00:00:00Z,2024-02-05T02:00:00Z,CA_Spectrum,2024-02-05T00:00:00Z,2024-02-05T02:00:00Z
EMMA,2024-02-05T00:00:00Z,2024-02-05T02:00:00Z,Impact,2024-02-05T00:00:00Z,2024-02-05T02:00:00Z
EMMA,2024-02-05T00:00:00Z,2024-02-05T02:00:00Z,C-NMS,2024-02-05T00:00:00Z,2024-02-05T03:00:00Z
EMMA,2024-02-05T03:00:00Z,2024-02-05T05:00:00Z,Zabbix,2024-02-04T22:00:00Z,2024-02-05T03:00:00Z
EMMA,2024-02-05T03:00:00Z,2024-02-05T05:00:00Z,C-NMS,2024-02-05T00:00:00Z,2024-02-05T03:00:00Z
EMMA,2024-02-05T03:00:00Z,2024-02-05T05:00:00Z,HA,2024-02-05T04:00:00Z,2024-02-05T06:00:00Z
EMMA,2024-02-05T15:00:00Z,2024-02-05T17:00:00Z,MileStone,2024-02-05T06:00:00Z,2024-02-05T16:00:00Z
EMMA,2024-02-05T15:00:00Z,2024-02-05T17:00:00Z,Impact,2024-02-05T08:00:00Z,2024-02-05T15:00:00Z
EMMA,2024-02-05T15:00:00Z,2024-02-05T17:00:00Z,SCOM,2024-02-05T12:00:00Z,2024-02-05T16:00:00Z
EMMA,2024-02-05T15:00:00Z,2024-02-05T17:00:00Z,SkyWalker,2024-02-05T13:00:00Z,2024-02-05T17:00:00Z
EMMA,2024-02-07T00:00:00Z,2024-02-07T02:00:00Z,SCOM,2024-02-06T21:00:00Z,2024-02-07T01:00:00Z
EMMA,2024-02-07T00:00:00Z,2024-02-07T02:00:00Z,NFM-P,2024-02-06T21:00:00Z,2024-02-07T01:00:00Z
EMMA,2024-02-07T00:00:00Z,2024-02-07T02:00:00Z,NetAct,2024-02-06T22:00:00Z,2024-02-07T00:00:00Z
EMMA,2024-02-07T00:00:00Z,2024-02-07T02:00:00Z,Zabbix,2024-02-06T22:00:00Z,2024-02-07T01:00:00Z
EMMA,2024-02-07T00:00:00Z,2024-02-07T02:00:00Z,MileStone,2024-02-06T22:00:00Z,2024-02-07T02:00:00Z
EMMA,2024-02-07T00:00:00Z,2024-02-07T02:00:00Z,HA,2024-02-06T23:00:00Z,2024-02-07T01:00:00Z
EMMA,2024-02-07T00:00:00Z,2024-02-07T02:00:00Z,LucentOMS,2024-02-07T00:00:00Z,2024-02-07T02:00:00Z
EMMA,2024-02-07T00:00:00Z,2024-02-07T02:00:00Z,C-NMS,2024-02-07T00:00:00Z,2024-02-07T03:00:00Z
EMMA,2024-02-09T21:00:00Z,2024-02-09T23:00:00Z,MileStone,2024-02-09T19:00:00Z,2024-02-09T21:00:00Z
EMMA,2024-02-09T21:00:00Z,2024-02-09T23:00:00Z,SCOM,2024-02-09T22:00:00Z,2024-02-10T01:00:00Z
EMMA,2024-02-09T21:00:00Z,2024-02-09T23:00:00Z,Zabbix,2024-02-09T22:00:00Z,2024-02-10T01:00:00Z
EMMA,2024-02-09T21:00:00Z,2024-02-09T23:00:00Z,LucentOMS,2024-02-09T23:00:00Z,2024-02-10T01:00:00Z
EMMA,2024-02-09T21:00:00Z,2024-02-09T23:00:00Z,HA,2024-02-09T23:00:00Z,2024-02-10T01:00:00Z
EMMA,2024-02-09T21:00:00Z,2024-02-09T23:00:00Z,NFM-P,2024-02-09T23:00:00Z,2024-02-10T01:00:00Z
EMMA,2024-02-09T21:00:00Z,2024-02-09T23:00:00Z,EML,2024-02-09T23:00:00Z,2024-02-10T01:00:00Z
EMMA,2024-02-09T21:00:00Z,2024-02-09T23:00:00Z,SDH,2024-02-09T23:00:00Z,2024-02-10T01:00:00Z
EMMA,2024-02-09T21:00:00Z,2024-02-09T23:00:00Z,NetAct,2024-02-09T23:00:00Z,2024-02-10T03:00:00Z
EMMA,2024-02-10T23:00:00Z,2024-02-11T01:00:00Z,SDH,2024-02-10T20:00:00Z,2024-02-10T23:00:00Z
EMMA,2024-02-10T23:00:00Z,2024-02-11T01:00:00Z,SCOM,2024-02-10T20:00:00Z,2024-02-11T00:00:00Z
EMMA,2024-02-10T23:00:00Z,2024-02-11T01:00:00Z,DICA,2024-02-10T20:00:00Z,2024-02-11T00:00:00Z
EMMA,2024-02-10T23:00:00Z,2024-02-11T01:00:00Z,EML,2024-02-10T20:00:00Z,2024-02-11T00:00:00Z
EMMA,2024-02-10T23:00:00Z,2024-02-11T01:00:00Z,LucentOMS,2024-02-10T20:00:00Z,2024-02-11T01:00:00Z
EMMA,2024-02-10T23:00:00Z,2024-02-11T01:00:00Z,NFM-P,2024-02-10T21:00:00Z,2024-02-10T23:00:00Z
EMMA,2024-02-10T23:00:00Z,2024-02-11T01:00:00Z,MileStone,2024-02-10T21:00:00Z,2024-02-11T01:00:00Z
EMMA,2024-02-10T23:00:00Z,2024-02-11T01:00:00Z,CA_Spectrum,2024-02-10T21:00:00Z,2024-02-11T05:00:00Z
EMMA,2024-02-10T23:00:00Z,2024-02-11T01:00:00Z,UNEM,2024-02-10T22:00:00Z,2024-02-11T02:00:00Z
EMMA,2024-02-10T23:00:00Z,2024-02-11T01:00:00Z,Zabbix,2024-02-10T22:00:00Z,2024-02-11T03:00:00Z
EMMA,2024-02-10T23:00:00Z,2024-02-11T01:00:00Z,Impact,2024-02-10T22:00:00Z,2024-02-11T03:00:00Z
EMMA,2024-02-10T23:00:00Z,2024-02-11T01:00:00Z,NetAct,2024-02-10T23:00:00Z,2024-02-11T01:00:00Z
EMMA,2024-02-10T23:00:00Z,2024-02-11T01:00:00Z,HA,2024-02-10T23:00:00Z,2024-02-11T03:00:00Z
EMMA,2024-02-10T23:00:00Z,2024-02-11T01:00:00Z,C-NMS,2024-02-11T00:00:00Z,2024-02-11T03:00:00Z
EMMA,2024-02-10T23:00:00Z,2024-02-11T01:00:00Z,PEM,2024-02-11T00:00:00Z,2024-02-11T03:00:00Z
EMMA,2024-02-10T23:00:00Z,2024-02-11T01:00:00Z,local6,2024-02-11T01:00:00Z,2024-02-11T03:00:00Z
EMMA,2024-02-11T20:00:00Z,2024-02-11T22:00:00Z,EML,2024-02-11T16:00:00Z,2024-02-11T21:00:00Z
EMMA,2024-02-11T20:00:00Z,2024-02-11T22:00:00Z,SCOM,2024-02-11T16:00:00Z,2024-02-12T01:00:00Z
EMMA,2024-02-11T20:00:00Z,2024-02-11T22:00:00Z,DICA,2024-02-11T18:00:00Z,2024-02-11T20:00:00Z
EMMA,2024-02-11T20:00:00Z,2024-02-11T22:00:00Z,LucentOMS,2024-02-11T19:00:00Z,2024-02-11T21:00:00Z
EMMA,2024-02-11T20:00:00Z,2024-02-11T22:00:00Z,Zabbix,2024-02-11T19:00:00Z,2024-02-11T21:00:00Z
EMMA,2024-02-11T20:00:00Z,2024-02-11T22:00:00Z,SDH,2024-02-11T19:00:00Z,2024-02-11T21:00:00Z
EMMA,2024-02-11T20:00:00Z,2024-02-11T22:00:00Z,Impact,2024-02-11T19:00:00Z,2024-02-11T22:00:00Z
EMMA,2024-02-11T20:00:00Z,2024-02-11T22:00:00Z,MileStone,2024-02-11T20:00:00Z,2024-02-11T22:00:00Z
EMMA,2024-02-11T20:00:00Z,2024-02-11T22:00:00Z,StruxureWare,2024-02-11T20:00:00Z,2024-02-11T22:00:00Z
EMMA,2024-02-11T20:00:00Z,2024-02-11T22:00:00Z,HA,2024-02-11T21:00:00Z,2024-02-12T01:00:00Z
EMMA,2024-02-11T20:00:00Z,2024-02-11T22:00:00Z,NetAct,2024-02-11T22:00:00Z,2024-02-12T00:00:00Z
EMMA,2024-02-11T20:00:00Z,2024-02-11T22:00:00Z,C-NMS,2024-02-11T22:00:00Z,2024-02-12T02:00:00Z
EMMA,2024-02-11T20:00:00Z,2024-02-11T22:00:00Z,Zabbix,2024-02-11T22:00:00Z,2024-02-12T02:00:00Z
EMMA,2024-02-12T08:00:00Z,2024-02-12T10:00:00Z,SCADA,2024-02-12T06:00:00Z,2024-02-12T08:00:00Z
EMMA,2024-02-12T08:00:00Z,2024-02-12T10:00:00Z,OCC,2024-02-12T07:00:00Z,2024-02-12T09:00:00Z
EMMA,2024-02-12T08:00:00Z,2024-02-12T10:00:00Z,NFM-P,2024-02-12T07:00:00Z,2024-02-12T09:00:00Z
EMMA,2024-02-12T08:00:00Z,2024-02-12T10:00:00Z,Zabbix,2024-02-12T07:00:00Z,2024-02-12T10:00:00Z
EMMA,2024-02-12T08:00:00Z,2024-02-12T10:00:00Z,HA,2024-02-12T07:00:00Z,2024-02-12T10:00:00Z
EMMA,2024-02-12T08:00:00Z,2024-02-12T10:00:00Z,DICA,2024-02-12T07:00:00Z,2024-02-12T10:00:00Z
EMMA,2024-02-12T08:00:00Z,2024-02-12T10:00:00Z,SCOM,2024-02-12T07:00:00Z,2024-02-12T11:00:00Z
EMMA,2024-02-12T08:00:00Z,2024-02-12T10:00:00Z,UNEM,2024-02-12T07:00:00Z,2024-02-12T13:00:00Z
EMMA,2024-02-12T08:00:00Z,2024-02-12T10:00:00Z,local6,2024-02-12T08:00:00Z,2024-02-12T10:00:00Z
EMMA,2024-02-12T08:00:00Z,2024-02-12T10:00:00Z,SkyWalker,2024-02-12T08:00:00Z,2024-02-12T10:00:00Z
EMMA,2024-02-12T08:00:00Z,2024-02-12T10:00:00Z,MileStone,2024-02-12T08:00:00Z,2024-02-12T10:00:00Z
EMMA,2024-02-12T08:00:00Z,2024-02-12T10:00:00Z,SolMan,2024-02-12T08:00:00Z,2024-02-12T10:00:00Z
EMMA,2024-02-12T08:00:00Z,2024-02-12T10:00:00Z,LucentOMS,2024-02-12T08:00:00Z,2024-02-12T12:00:00Z
EMMA,2024-02-12T08:00:00Z,2024-02-12T10:00:00Z,EML,2024-02-12T08:00:00Z,2024-02-12T12:00:00Z
EMMA,2024-02-12T08:00:00Z,2024-02-12T10:00:00Z,SDH,2024-02-12T08:00:00Z,2024-02-12T12:00:00Z
EMMA,2024-02-12T08:00:00Z,2024-02-12T10:00:00Z,CA_Spectrum,2024-02-12T08:00:00Z,2024-02-12T14:00:00Z
EMMA,2024-02-12T08:00:00Z,2024-02-12T10:00:00Z,Impact,2024-02-12T08:00:00Z,2024-02-12T14:00:00Z
EMMA,2024-02-12T08:00:00Z,2024-02-12T10:00:00Z,NetAct,2024-02-12T09:00:00Z,2024-02-12T12:00:00Z
EMMA,2024-02-12T08:00:00Z,2024-02-12T10:00:00Z,StruxureWare,2024-02-12T09:00:00Z,2024-02-12T12:00:00Z
EMMA,2024-02-12T08:00:00Z,2024-02-12T10:00:00Z,NFM-P,2024-02-12T10:00:00Z,2024-02-12T13:00:00Z
EMMA,2024-02-19T02:00:00Z,2024-02-19T04:00:00Z,SCOM,2024-02-18T19:00:00Z,2024-02-19T02:00:00Z
EMMA,2024-02-19T02:00:00Z,2024-02-19T04:00:00Z,Zabbix,2024-02-18T22:00:00Z,2024-02-19T02:00:00Z
EMMA,2024-02-19T02:00:00Z,2024-02-19T04:00:00Z,C-NMS,2024-02-19T00:00:00Z,2024-02-19T05:00:00Z
EMMA,2024-02-19T02:00:00Z,2024-02-19T04:00:00Z,HA,2024-02-19T04:00:00Z,2024-02-19T06:00:00Z
EMMA,2024-02-19T13:00:00Z,2024-02-19T15:00:00Z,NetAct,2024-02-19T07:00:00Z,2024-02-19T13:00:00Z
EMMA,2024-02-19T13:00:00Z,2024-02-19T15:00:00Z,LucentOMS,2024-02-19T08:00:00Z,2024-02-19T14:00:00Z
EMMA,2024-02-19T13:00:00Z,2024-02-19T15:00:00Z,DICA,2024-02-19T09:00:00Z,2024-02-19T13:00:00Z
EMMA,2024-02-19T13:00:00Z,2024-02-19T15:00:00Z,MileStone,2024-02-19T09:00:00Z,2024-02-19T14:00:00Z
EMMA,2024-02-19T13:00:00Z,2024-02-19T15:00:00Z,EML,2024-02-19T10:00:00Z,2024-02-19T14:00:00Z
EMMA,2024-02-19T13:00:00Z,2024-02-19T15:00:00Z,SDH,2024-02-19T10:00:00Z,2024-02-19T14:00:00Z
EMMA,2024-02-19T13:00:00Z,2024-02-19T15:00:00Z,C-NMS,2024-02-19T11:00:00Z,2024-02-19T13:00:00Z
EMMA,2024-02-20T00:00:00Z,2024-02-20T02:00:00Z,Zabbix,2024-02-19T21:00:00Z,2024-02-20T01:00:00Z
EMMA,2024-02-20T00:00:00Z,2024-02-20T02:00:00Z,HA,2024-02-19T21:00:00Z,2024-02-20T01:00:00Z
EMMA,2024-02-20T00:00:00Z,2024-02-20T02:00:00Z,SCOM,2024-02-19T22:00:00Z,2024-02-20T02:00:00Z
EMMA,2024-02-20T00:00:00Z,2024-02-20T02:00:00Z,Stonebranch,2024-02-20T00:00:00Z,2024-02-20T02:00:00Z
EMMA,2024-02-21T05:00:00Z,2024-02-21T07:00:00Z,C-NMS,2024-02-20T22:00:00Z,2024-02-21T05:00:00Z
EMMA,2024-02-21T05:00:00Z,2024-02-21T07:00:00Z,SCOM,2024-02-21T04:00:00Z,2024-02-21T06:00:00Z
EMMA,2024-02-21T05:00:00Z,2024-02-21T07:00:00Z,HA,2024-02-21T04:00:00Z,2024-02-21T06:00:00Z
EMMA,2024-02-21T05:00:00Z,2024-02-21T07:00:00Z,MileStone,2024-02-21T07:00:00Z,2024-02-21T11:00:00Z
EMMA,2024-02-21T09:00:00Z,2024-02-21T11:00:00Z,MileStone,2024-02-21T07:00:00Z,2024-02-21T11:00:00Z
EMMA,2024-02-21T09:00:00Z,2024-02-21T11:00:00Z,LucentOMS,2024-02-21T08:00:00Z,2024-02-21T10:00:00Z
EMMA,2024-02-21T09:00:00Z,2024-02-21T11:00:00Z,EML,2024-02-21T08:00:00Z,2024-02-21T10:00:00Z
EMMA,2024-02-21T09:00:00Z,2024-02-21T11:00:00Z,SCOM,2024-02-21T08:00:00Z,2024-02-21T11:00:00Z
EMMA,2024-02-21T09:00:00Z,2024-02-21T11:00:00Z,NetAct,2024-02-21T08:00:00Z,2024-02-21T11:00:00Z
EMMA,2024-02-21T09:00:00Z,2024-02-21T11:00:00Z,CA_Spectrum,2024-02-21T08:00:00Z,2024-02-21T12:00:00Z
EMMA,2024-02-21T09:00:00Z,2024-02-21T11:00:00Z,Impact,2024-02-21T08:00:00Z,2024-02-21T13:00:00Z
EMMA,2024-02-21T09:00:00Z,2024-02-21T11:00:00Z,StruxureWare,2024-02-21T09:00:00Z,2024-02-21T11:00:00Z
EMMA,2024-02-21T09:00:00Z,2024-02-21T11:00:00Z,Zabbix,2024-02-21T09:00:00Z,2024-02-21T13:00:00Z
EMMA,2024-02-21T09:00:00Z,2024-02-21T11:00:00Z,HA,2024-02-21T09:00:00Z,2024-02-21T13:00:00Z
EMMA,2024-02-21T09:00:00Z,2024-02-21T11:00:00Z,local6,2024-02-21T10:00:00Z,2024-02-21T12:00:00Z
EMMA,2024-02-21T09:00:00Z,2024-02-21T11:00:00Z,WebSphere-MQ,2024-02-21T10:00:00Z,2024-02-21T12:00:00Z
EMMA,2024-02-21T09:00:00Z,2024-02-21T11:00:00Z,NFM-P,2024-02-21T10:00:00Z,2024-02-21T13:00:00Z
EMMA,2024-02-21T14:00:00Z,2024-02-21T16:00:00Z,CA_Spectrum,2024-02-21T13:00:00Z,2024-02-21T15:00:00Z
EMMA,2024-02-21T14:00:00Z,2024-02-21T16:00:00Z,DICA,2024-02-21T13:00:00Z,2024-02-21T16:00:00Z
EMMA,2024-02-21T14:00:00Z,2024-02-21T16:00:00Z,MileStone,2024-02-21T14:00:00Z,2024-02-21T16:00:00Z
EMMA,2024-02-21T14:00:00Z,2024-02-21T16:00:00Z,EML,2024-02-21T14:00:00Z,2024-02-21T16:00:00Z
EMMA,2024-02-21T14:00:00Z,2024-02-21T16:00:00Z,SDH,2024-02-21T14:00:00Z,2024-02-21T16:00:00Z
EMMA,2024-02-21T14:00:00Z,2024-02-21T16:00:00Z,LucentOMS,2024-02-21T14:00:00Z,2024-02-21T17:00:00Z
EMMA,2024-02-21T14:00:00Z,2024-02-21T16:00:00Z,UNEM,2024-02-21T14:00:00Z,2024-02-21T17:00:00Z
EMMA,2024-02-21T14:00:00Z,2024-02-21T16:00:00Z,Zabbix,2024-02-21T15:00:00Z,2024-02-21T18:00:00Z
EMMA,2024-02-21T14:00:00Z,2024-02-21T16:00:00Z,SCOM,2024-02-21T16:00:00Z,2024-02-21T19:00:00Z
EMMA,2024-02-22T17:00:00Z,2024-02-22T19:00:00Z,Stonebranch,2024-02-22T14:00:00Z,2024-02-22T17:00:00Z
EMMA,2024-02-22T17:00:00Z,2024-02-22T19:00:00Z,SCADA,2024-02-22T15:00:00Z,2024-02-22T17:00:00Z
EMMA,2024-02-22T17:00:00Z,2024-02-22T19:00:00Z,DICA,2024-02-22T18:00:00Z,2024-02-22T20:00:00Z
EMMA,2024-02-22T17:00:00Z,2024-02-22T19:00:00Z,SCADA,2024-02-22T18:00:00Z,2024-02-22T20:00:00Z
EMMA,2024-02-22T17:00:00Z,2024-02-22T19:00:00Z,StruxureWare,2024-02-22T18:00:00Z,2024-02-22T20:00:00Z
EMMA,2024-02-22T17:00:00Z,2024-02-22T19:00:00Z,Stonebranch,2024-02-22T19:00:00Z,2024-02-22T21:00:00Z
EMMA,2024-02-22T17:00:00Z,2024-02-22T19:00:00Z,NetAct,2024-02-22T19:00:00Z,2024-02-22T21:00:00Z
EMMA,2024-02-26T19:00:00Z,2024-02-26T21:00:00Z,LucentOMS,2024-02-26T16:00:00Z,2024-02-26T19:00:00Z
EMMA,2024-02-26T19:00:00Z,2024-02-26T21:00:00Z,DICA,2024-02-26T18:00:00Z,2024-02-26T20:00:00Z
EMMA,2024-02-26T19:00:00Z,2024-02-26T21:00:00Z,SCOM,2024-02-26T18:00:00Z,2024-02-26T22:00:00Z
EMMA,2024-02-26T19:00:00Z,2024-02-26T21:00:00Z,Stonebranch,2024-02-26T19:00:00Z,2024-02-26T21:00:00Z
EMMA,2024-02-28T10:00:00Z,2024-02-28T12:00:00Z,CA_Spectrum,2024-02-28T06:00:00Z,2024-02-28T12:00:00Z
EMMA,2024-02-28T10:00:00Z,2024-02-28T12:00:00Z,NetAct,2024-02-28T07:00:00Z,2024-02-28T12:00:00Z
EMMA,2024-02-28T10:00:00Z,2024-02-28T12:00:00Z,SCOM,2024-02-28T07:00:00Z,2024-02-28T13:00:00Z
EMMA,2024-02-28T10:00:00Z,2024-02-28T12:00:00Z,C-NMS,2024-02-28T08:00:00Z,2024-02-28T10:00:00Z
EMMA,2024-02-28T10:00:00Z,2024-02-28T12:00:00Z,SCADA,2024-02-28T08:00:00Z,2024-02-28T10:00:00Z
EMMA,2024-02-28T10:00:00Z,2024-02-28T12:00:00Z,LucentOMS,2024-02-28T08:00:00Z,2024-02-28T12:00:00Z
EMMA,2024-02-28T10:00:00Z,2024-02-28T12:00:00Z,NFM-P,2024-02-28T08:00:00Z,2024-02-28T12:00:00Z
EMMA,2024-02-28T10:00:00Z,2024-02-28T12:00:00Z,StruxureWare,2024-02-28T08:00:00Z,2024-02-28T12:00:00Z
EMMA,2024-02-28T10:00:00Z,2024-02-28T12:00:00Z,Impact,2024-02-28T08:00:00Z,2024-02-28T13:00:00Z
EMMA,2024-02-28T10:00:00Z,2024-02-28T12:00:00Z,SkyWalker,2024-02-28T09:00:00Z,2024-02-28T11:00:00Z
EMMA,2024-02-28T10:00:00Z,2024-02-28T12:00:00Z,EML,2024-02-28T10:00:00Z,2024-02-28T12:00:00Z
EMMA,2024-02-28T10:00:00Z,2024-02-28T12:00:00Z,Zabbix,2024-02-28T11:00:00Z,2024-02-28T13:00:00Z
EMMA,2024-02-28T10:00:00Z,2024-02-28T12:00:00Z,C-NMS,2024-02-28T12:00:00Z,2024-02-28T15:00:00Z
EMMA,2024-03-13T21:00:00Z,2024-03-13T23:00:00Z,EML,2024-03-13T18:00:00Z,2024-03-13T23:00:00Z
EMMA,2024-03-13T21:00:00Z,2024-03-13T23:00:00Z,Stonebranch,2024-03-13T19:00:00Z,2024-03-13T21:00:00Z
EMMA,2024-03-13T21:00:00Z,2024-03-13T23:00:00Z,LucentOMS,2024-03-13T19:00:00Z,2024-03-13T23:00:00Z
EMMA,2024-03-13T21:00:00Z,2024-03-13T23:00:00Z,NFM-P,2024-03-13T19:00:00Z,2024-03-13T23:00:00Z
EMMA,2024-03-13T21:00:00Z,2024-03-13T23:00:00Z,DICA,2024-03-13T21:00:00Z,2024-03-13T23:00:00Z
EMMA,2024-03-13T21:00:00Z,2024-03-13T23:00:00Z,MileStone,2024-03-13T21:00:00Z,2024-03-13T23:00:00Z
EMMA,2024-03-13T21:00:00Z,2024-03-13T23:00:00Z,NetAct,2024-03-13T21:00:00Z,2024-03-13T23:00:00Z
EMMA,2024-03-13T21:00:00Z,2024-03-13T23:00:00Z,ADVA,2024-03-13T21:00:00Z,2024-03-13T23:00:00Z
EMMA,2024-03-13T21:00:00Z,2024-03-13T23:00:00Z,SDH,2024-03-13T21:00:00Z,2024-03-13T23:00:00Z
EMMA,2024-03-13T21:00:00Z,2024-03-13T23:00:00Z,CA_Spectrum,2024-03-13T21:00:00Z,2024-03-14T00:00:00Z
EMMA,2024-03-13T21:00:00Z,2024-03-13T23:00:00Z,Impact,2024-03-13T21:00:00Z,2024-03-14T00:00:00Z
EMMA,2024-03-13T21:00:00Z,2024-03-13T23:00:00Z,HA,2024-03-13T21:00:00Z,2024-03-14T01:00:00Z
EMMA,2024-03-13T21:00:00Z,2024-03-13T23:00:00Z,Zabbix,2024-03-13T21:00:00Z,2024-03-14T04:00:00Z
EMMA,2024-03-13T21:00:00Z,2024-03-13T23:00:00Z,SCOM,2024-03-13T23:00:00Z,2024-03-14T02:00:00Z
EMMA,2024-03-14T12:00:00Z,2024-03-14T14:00:00Z,NetAct,2024-03-14T06:00:00Z,2024-03-14T12:00:00Z
EMMA,2024-03-14T12:00:00Z,2024-03-14T14:00:00Z,SCOM,2024-03-14T07:00:00Z,2024-03-14T13:00:00Z
EMMA,2024-03-14T12:00:00Z,2024-03-14T14:00:00Z,CA_Spectrum,2024-03-14T07:00:00Z,2024-03-14T13:00:00Z
EMMA,2024-03-14T12:00:00Z,2024-03-14T14:00:00Z,LucentOMS,2024-03-14T08:00:00Z,2024-03-14T12:00:00Z
EMMA,2024-03-14T12:00:00Z,2024-03-14T14:00:00Z,NFM-P,2024-03-14T08:00:00Z,2024-03-14T12:00:00Z
EMMA,2024-03-14T12:00:00Z,2024-03-14T14:00:00Z,EML,2024-03-14T08:00:00Z,2024-03-14T12:00:00Z
EMMA,2024-03-14T12:00:00Z,2024-03-14T14:00:00Z,Impact,2024-03-14T08:00:00Z,2024-03-14T13:00:00Z
EMMA,2024-03-14T12:00:00Z,2024-03-14T14:00:00Z,Zabbix,2024-03-14T09:00:00Z,2024-03-14T13:00:00Z
EMMA,2024-03-14T12:00:00Z,2024-03-14T14:00:00Z,HA,2024-03-14T09:00:00Z,2024-03-14T13:00:00Z
EMMA,2024-03-14T12:00:00Z,2024-03-14T14:00:00Z,MileStone,2024-03-14T09:00:00Z,2024-03-14T13:00:00Z
EMMA,2024-03-14T12:00:00Z,2024-03-14T14:00:00Z,DICA,2024-03-14T10:00:00Z,2024-03-14T12:00:00Z
EMMA,2024-03-14T12:00:00Z,2024-03-14T14:00:00Z,UNEM,2024-03-14T10:00:00Z,2024-03-14T12:00:00Z
EMMA,2024-03-14T12:00:00Z,2024-03-14T14:00:00Z,SkyWalker,2024-03-14T11:00:00Z,2024-03-14T13:00:00Z
EMMA,2024-03-14T12:00:00Z,2024-03-14T14:00:00Z,Stonebranch,2024-03-14T11:00:00Z,2024-03-14T14:00:00Z
EMMA,2024-03-14T12:00:00Z,2024-03-14T14:00:00Z,SCADA,2024-03-14T11:00:00Z,2024-03-14T15:00:00Z
EMMA,2024-03-14T12:00:00Z,2024-03-14T14:00:00Z,C-NMS,2024-03-14T12:00:00Z,2024-03-14T17:00:00Z
EMMA,2024-03-14T12:00:00Z,2024-03-14T14:00:00Z,NFM-P,2024-03-14T13:00:00Z,2024-03-14T16:00:00Z
EMMA,2024-03-14T12:00:00Z,2024-03-14T14:00:00Z,LucentOMS,2024-03-14T13:00:00Z,2024-03-14T17:00:00Z
EMMA,2024-03-14T12:00:00Z,2024-03-14T14:00:00Z,DICA,2024-03-14T14:00:00Z,2024-03-14T16:00:00Z
EMMA,2024-03-14T12:00:00Z,2024-03-14T14:00:00Z,UNEM,2024-03-14T14:00:00Z,2024-03-14T17:00:00Z
EMMA,2024-03-14T12:00:00Z,2024-03-14T14:00:00Z,NetAct,2024-03-14T14:00:00Z,2024-03-14T17:00:00Z
EMMA,2024-03-15T04:00:00Z,2024-03-15T06:00:00Z,NFM-P,2024-03-15T02:00:00Z,2024-03-15T05:00:00Z
EMMA,2024-03-15T04:00:00Z,2024-03-15T06:00:00Z,HA,2024-03-15T04:00:00Z,2024-03-15T06:00:00Z
EMMA,2024-03-15T04:00:00Z,2024-03-15T06:00:00Z,SCADA,2024-03-15T05:00:00Z,2024-03-15T07:00:00Z
EMMA,2024-03-15T04:00:00Z,2024-03-15T06:00:00Z,NetAct,2024-03-15T06:00:00Z,2024-03-15T12:00:00Z
EMMA,2024-03-15T14:00:00Z,2024-03-15T17:00:00Z,DICA,2024-03-15T10:00:00Z,2024-03-15T14:00:00Z
EMMA,2024-03-15T14:00:00Z,2024-03-15T17:00:00Z,SkyWalker,2024-03-15T12:00:00Z,2024-03-15T14:00:00Z
EMMA,2024-03-15T14:00:00Z,2024-03-15T17:00:00Z,Zabbix,2024-03-15T12:00:00Z,2024-03-15T15:00:00Z
EMMA,2024-03-15T14:00:00Z,2024-03-15T17:00:00Z,OCC,2024-03-15T13:00:00Z,2024-03-15T15:00:00Z
EMMA,2024-03-15T14:00:00Z,2024-03-15T17:00:00Z,NFM-P,2024-03-15T13:00:00Z,2024-03-15T15:00:00Z
EMMA,2024-03-15T14:00:00Z,2024-03-15T17:00:00Z,CA_Spectrum,2024-03-15T15:00:00Z,2024-03-15T17:00:00Z
EMMA,2024-03-15T14:00:00Z,2024-03-15T17:00:00Z,Impact,2024-03-15T15:00:00Z,2024-03-15T17:00:00Z
EMMA,2024-03-22T07:00:00Z,2024-03-22T09:00:00Z,local6,2024-03-22T06:00:00Z,2024-03-22T08:00:00Z
EMMA,2024-03-22T07:00:00Z,2024-03-22T09:00:00Z,SCOM,2024-03-22T07:00:00Z,2024-03-22T12:00:00Z
EMMA,2024-03-22T07:00:00Z,2024-03-22T09:00:00Z,NetAct,2024-03-22T08:00:00Z,2024-03-22T11:00:00Z
EMMA,2024-03-22T07:00:00Z,2024-03-22T09:00:00Z,LucentOMS,2024-03-22T08:00:00Z,2024-03-22T12:00:00Z
EMMA,2024-03-22T07:00:00Z,2024-03-22T09:00:00Z,EML,2024-03-22T08:00:00Z,2024-03-22T12:00:00Z
EMMA,2024-03-22T07:00:00Z,2024-03-22T09:00:00Z,HA,2024-03-22T09:00:00Z,2024-03-22T11:00:00Z
EMMA,2024-03-22T07:00:00Z,2024-03-22T09:00:00Z,Impact,2024-03-22T09:00:00Z,2024-03-22T11:00:00Z
EMMA,2024-03-22T07:00:00Z,2024-03-22T09:00:00Z,StruxureWare,2024-03-22T09:00:00Z,2024-03-22T11:00:00Z
EMMA,2024-03-22T07:00:00Z,2024-03-22T09:00:00Z,CA_Spectrum,2024-03-22T09:00:00Z,2024-03-22T12:00:00Z
EMMA,2024-03-23T19:00:00Z,2024-03-23T21:00:00Z,SCOM,2024-03-23T15:00:00Z,2024-03-23T21:00:00Z
EMMA,2024-03-23T19:00:00Z,2024-03-23T21:00:00Z,CA_Spectrum,2024-03-23T18:00:00Z,2024-03-23T20:00:00Z
EMMA,2024-03-23T19:00:00Z,2024-03-23T21:00:00Z,NFM-P,2024-03-23T18:00:00Z,2024-03-23T20:00:00Z
EMMA,2024-03-23T19:00:00Z,2024-03-23T21:00:00Z,Zabbix,2024-03-23T19:00:00Z,2024-03-23T21:00:00Z
EMMA,2024-03-23T19:00:00Z,2024-03-23T21:00:00Z,EML,2024-03-23T19:00:00Z,2024-03-24T01:00:00Z
EMMA,2024-03-23T19:00:00Z,2024-03-23T21:00:00Z,LucentOMS,2024-03-23T21:00:00Z,2024-03-24T01:00:00Z
EMMA,2024-03-23T19:00:00Z,2024-03-23T21:00:00Z,DICA,2024-03-23T21:00:00Z,2024-03-24T01:00:00Z
EMMA,2024-03-23T19:00:00Z,2024-03-23T21:00:00Z,UNEM,2024-03-23T21:00:00Z,2024-03-24T01:00:00Z
EMMA,2024-03-23T19:00:00Z,2024-03-23T21:00:00Z,NFM-P,2024-03-23T21:00:00Z,2024-03-24T01:00:00Z
EMMA,2024-03-23T19:00:00Z,2024-03-23T21:00:00Z,SDH,2024-03-23T21:00:00Z,2024-03-24T01:00:00Z
EMMA,2024-03-23T19:00:00Z,2024-03-23T21:00:00Z,NetAct,2024-03-23T21:00:00Z,2024-03-24T03:00:00Z
EMMA,2024-03-23T19:00:00Z,2024-03-23T21:00:00Z,CA_Spectrum,2024-03-23T21:00:00Z,2024-03-24T04:00:00Z
EMMA,2024-03-26T00:00:00Z,2024-03-26T02:00:00Z,SCOM,2024-03-25T20:00:00Z,2024-03-26T02:00:00Z
EMMA,2024-03-26T00:00:00Z,2024-03-26T02:00:00Z,LucentOMS,2024-03-25T22:00:00Z,2024-03-26T00:00:00Z
EMMA,2024-03-26T00:00:00Z,2024-03-26T02:00:00Z,NetAct,2024-03-25T22:00:00Z,2024-03-26T00:00:00Z
EMMA,2024-03-26T00:00:00Z,2024-03-26T02:00:00Z,NFM-P,2024-03-25T22:00:00Z,2024-03-26T00:00:00Z
EMMA,2024-03-26T00:00:00Z,2024-03-26T02:00:00Z,Zabbix,2024-03-25T22:00:00Z,2024-03-26T02:00:00Z
EMMA,2024-03-26T00:00:00Z,2024-03-26T02:00:00Z,HA,2024-03-25T23:00:00Z,2024-03-26T01:00:00Z
EMMA,2024-03-26T00:00:00Z,2024-03-26T02:00:00Z,C-NMS,2024-03-26T00:00:00Z,2024-03-26T03:00:00Z
EMMA,2024-03-26T00:00:00Z,2024-03-26T02:00:00Z,MileStone,2024-03-26T01:00:00Z,2024-03-26T05:00:00Z
EMMA,2024-03-26T00:00:00Z,2024-03-26T02:00:00Z,UNEM,2024-03-26T02:00:00Z,2024-03-26T04:00:00Z
EMMA,2024-03-26T00:00:00Z,2024-03-26T02:00:00Z,EML,2024-03-26T02:00:00Z,2024-03-26T04:00:00Z
EMMA,2024-03-26T00:00:00Z,2024-03-26T02:00:00Z,SDH,2024-03-26T02:00:00Z,2024-03-26T04:00:00Z
EMMA,2024-03-26T00:00:00Z,2024-03-26T02:00:00Z,LucentOMS,2024-03-26T02:00:00Z,2024-03-26T05:00:00Z
EMMA,2024-03-27T00:00:00Z,2024-03-27T03:00:00Z,SCOM,2024-03-26T22:00:00Z,2024-03-27T00:00:00Z
EMMA,2024-03-27T00:00:00Z,2024-03-27T03:00:00Z,Zabbix,2024-03-26T22:00:00Z,2024-03-27T02:00:00Z
EMMA,2024-03-27T00:00:00Z,2024-03-27T03:00:00Z,HA,2024-03-26T23:00:00Z,2024-03-27T01:00:00Z
EMMA,2024-03-27T00:00:00Z,2024-03-27T03:00:00Z,CA_Spectrum,2024-03-27T00:00:00Z,2024-03-27T02:00:00Z
EMMA,2024-03-27T00:00:00Z,2024-03-27T03:00:00Z,C-NMS,2024-03-27T00:00:00Z,2024-03-27T03:00:00Z
EMMA,2024-03-27T00:00:00Z,2024-03-27T03:00:00Z,NFM-P,2024-03-27T01:00:00Z,2024-03-27T03:00:00Z
EMMA,2024-03-27T00:00:00Z,2024-03-27T03:00:00Z,EML,2024-03-27T01:00:00Z,2024-03-27T03:00:00Z
EMMA,2024-03-27T00:00:00Z,2024-03-27T03:00:00Z,SDH,2024-03-27T01:00:00Z,2024-03-27T03:00:00Z
EMMA,2024-03-27T00:00:00Z,2024-03-27T03:00:00Z,LucentOMS,2024-03-27T01:00:00Z,2024-03-27T04:00:00Z
EMMA,2024-03-27T00:00:00Z,2024-03-27T03:00:00Z,SCOM,2024-03-27T03:00:00Z,2024-03-27T05:00:00Z
EMMA,2024-03-28T14:00:00Z,2024-03-28T18:00:00Z,SCOM,2024-03-28T13:00:00Z,2024-03-28T15:00:00Z
EMMA,2024-03-28T14:00:00Z,2024-03-28T18:00:00Z,DICA,2024-03-28T13:00:00Z,2024-03-28T15:00:00Z
EMMA,2024-03-28T14:00:00Z,2024-03-28T18:00:00Z,OCC,2024-03-28T13:00:00Z,2024-03-28T15:00:00Z
EMMA,2024-03-28T14:00:00Z,2024-03-28T18:00:00Z,StruxureWare,2024-03-28T13:00:00Z,2024-03-28T15:00:00Z
EMMA,2024-03-28T14:00:00Z,2024-03-28T18:00:00Z,NetAct,2024-03-28T14:00:00Z,2024-03-28T16:00:00Z
EMMA,2024-03-28T14:00:00Z,2024-03-28T18:00:00Z,MileStone,2024-03-28T15:00:00Z,2024-03-28T18:00:00Z
EMMA,2024-03-30T19:00:00Z,2024-03-30T21:00:00Z,CA_Spectrum,2024-03-30T19:00:00Z,2024-03-30T21:00:00Z
EMMA,2024-03-30T19:00:00Z,2024-03-30T21:00:00Z,SCOM,2024-03-30T19:00:00Z,2024-03-30T22:00:00Z
EMMA,2024-03-30T19:00:00Z,2024-03-30T21:00:00Z,Zabbix,2024-03-30T19:00:00Z,2024-03-31T04:00:00Z
EMMA,2024-03-31T13:00:00Z,2024-03-31T15:00:00Z,LucentOMS,2024-03-31T12:00:00Z,2024-03-31T14:00:00Z
